"","Subject","Simulation","Artefact","PSNR"
"1","510",1,"Noise",20.8130590619636
"2","510",1,"Nonlinearities",35.7560764586654
"3","510",1,"NoiseAndNonlinearities",16.445663420496
"4","510",2,"Noise",18.7022707087435
"5","510",2,"Nonlinearities",31.3192612708174
"6","510",2,"NoiseAndNonlinearities",22.0345780077554
"7","510",3,"Noise",16.0175054571225
"8","510",3,"Nonlinearities",28.7636576307169
"9","510",3,"NoiseAndNonlinearities",16.1323236951485
"10","510",4,"Noise",33.0274602068262
"11","510",4,"Nonlinearities",25.6786903267529
"12","510",4,"NoiseAndNonlinearities",16.7518567961668
"13","510",5,"Noise",15.2774225238782
"14","510",5,"Nonlinearities",25.0579849862484
"15","510",5,"NoiseAndNonlinearities",24.7968106551974
"16","510",6,"Noise",25.5258930403141
"17","510",6,"Nonlinearities",33.4002124384089
"18","510",6,"NoiseAndNonlinearities",19.92111180651
"19","510",7,"Noise",21.5616410197379
"20","510",7,"Nonlinearities",27.6441473726845
"21","510",7,"NoiseAndNonlinearities",15.6565344479326
"22","510",8,"Noise",22.5107207354248
"23","510",8,"Nonlinearities",30.9621240617311
"24","510",8,"NoiseAndNonlinearities",21.9600511963592
"25","510",9,"Noise",16.9631068636513
"26","510",9,"Nonlinearities",35.5785731132945
"27","510",9,"NoiseAndNonlinearities",18.1406633147072
"28","510",10,"Noise",24.0362729871111
"29","510",10,"Nonlinearities",27.089191964665
"30","510",10,"NoiseAndNonlinearities",23.3231677056576
"31","561",1,"Noise",18.5052489271541
"32","561",1,"Nonlinearities",33.8218024972417
"33","561",1,"NoiseAndNonlinearities",21.1899710979344
"34","561",2,"Noise",15.7309564756082
"35","561",2,"Nonlinearities",34.1716246206331
"36","561",2,"NoiseAndNonlinearities",20.6689607140393
"37","561",3,"Noise",29.6714689138851
"38","561",3,"Nonlinearities",37.7382004879761
"39","561",3,"NoiseAndNonlinearities",25.0282773461882
"40","561",4,"Noise",19.3390905268004
"41","561",4,"Nonlinearities",26.3393318445454
"42","561",4,"NoiseAndNonlinearities",23.9412230594748
"43","561",5,"Noise",25.2235908000826
"44","561",5,"Nonlinearities",35.1769996151526
"45","561",5,"NoiseAndNonlinearities",18.9103590992763
"46","561",6,"Noise",16.247662808558
"47","561",6,"Nonlinearities",31.1286857592723
"48","561",6,"NoiseAndNonlinearities",29.0302445458315
"49","561",7,"Noise",39.6505698294036
"50","561",7,"Nonlinearities",32.0212199514698
"51","561",7,"NoiseAndNonlinearities",15.6367308846937
"52","561",8,"Noise",29.3889982476305
"53","561",8,"Nonlinearities",31.4669620937054
"54","561",8,"NoiseAndNonlinearities",17.4233939174815
"55","561",9,"Noise",19.4959587890982
"56","561",9,"Nonlinearities",30.0816269683053
"57","561",9,"NoiseAndNonlinearities",20.6535396052018
"58","561",10,"Noise",44.9365380372608
"59","561",10,"Nonlinearities",26.2873732977211
"60","561",10,"NoiseAndNonlinearities",23.6634996132198
"61","563",1,"Noise",22.1415765864672
"62","563",1,"Nonlinearities",37.6652744654026
"63","563",1,"NoiseAndNonlinearities",17.2769076318561
"64","563",2,"Noise",23.2434389788734
"65","563",2,"Nonlinearities",34.9480550926486
"66","563",2,"NoiseAndNonlinearities",24.6100315672751
"67","563",3,"Noise",15.9813183311063
"68","563",3,"Nonlinearities",25.9706982740637
"69","563",3,"NoiseAndNonlinearities",17.7265221027458
"70","563",4,"Noise",16.241634864541
"71","563",4,"Nonlinearities",22.0039440072774
"72","563",4,"NoiseAndNonlinearities",36.1711566866958
"73","563",5,"Noise",22.592199310433
"74","563",5,"Nonlinearities",28.6637415613263
"75","563",5,"NoiseAndNonlinearities",19.0056807831972
"76","563",6,"Noise",18.3765326222323
"77","563",6,"Nonlinearities",28.5369436067312
"78","563",6,"NoiseAndNonlinearities",19.0690618486097
"79","563",7,"Noise",18.4221407763572
"80","563",7,"Nonlinearities",39.3020451843293
"81","563",7,"NoiseAndNonlinearities",24.3798916334494
"82","563",8,"Noise",23.7016060499548
"83","563",8,"Nonlinearities",30.0857584203023
"84","563",8,"NoiseAndNonlinearities",16.1081088911997
"85","563",9,"Noise",28.183222182702
"86","563",9,"Nonlinearities",31.8903030656425
"87","563",9,"NoiseAndNonlinearities",14.0560749394848
"88","563",10,"Noise",15.5853369044433
"89","563",10,"Nonlinearities",31.6222211930877
"90","563",10,"NoiseAndNonlinearities",28.258122510277
"91","564",1,"Noise",15.7795072841278
"92","564",1,"Nonlinearities",33.4311434297229
"93","564",1,"NoiseAndNonlinearities",16.9078475522038
"94","564",2,"Noise",20.4039423554722
"95","564",2,"Nonlinearities",19.8319448019453
"96","564",2,"NoiseAndNonlinearities",18.7141795740195
"97","564",3,"Noise",36.4874289596502
"98","564",3,"Nonlinearities",33.6476517830784
"99","564",3,"NoiseAndNonlinearities",18.865005588096
"100","564",4,"Noise",38.1081267776167
"101","564",4,"Nonlinearities",26.3489777617287
"102","564",4,"NoiseAndNonlinearities",20.5213960911604
"103","564",5,"Noise",22.9320070961587
"104","564",5,"Nonlinearities",26.2928610364427
"105","564",5,"NoiseAndNonlinearities",19.2498395521951
"106","564",6,"Noise",15.305458846958
"107","564",6,"Nonlinearities",29.2590952850628
"108","564",6,"NoiseAndNonlinearities",15.0711586418575
"109","564",7,"Noise",16.5985273085224
"110","564",7,"Nonlinearities",35.8708944413903
"111","564",7,"NoiseAndNonlinearities",18.5220719044685
"112","564",8,"Noise",44.3430773621029
"113","564",8,"Nonlinearities",34.6453917778465
"114","564",8,"NoiseAndNonlinearities",20.5089143430981
"115","564",9,"Noise",17.548417670735
"116","564",9,"Nonlinearities",30.170505790707
"117","564",9,"NoiseAndNonlinearities",15.4726146435706
"118","564",10,"Noise",23.104161683152
"119","564",10,"Nonlinearities",35.9757785081847
"120","564",10,"NoiseAndNonlinearities",17.2965824763993
"121","566",1,"Noise",24.8906709659688
"122","566",1,"Nonlinearities",31.500634345201
"123","566",1,"NoiseAndNonlinearities",18.2148864208825
"124","566",2,"Noise",16.3740894741052
"125","566",2,"Nonlinearities",31.2007062348922
"126","566",2,"NoiseAndNonlinearities",18.1278010496301
"127","566",3,"Noise",25.9395047275153
"128","566",3,"Nonlinearities",30.4716955854441
"129","566",3,"NoiseAndNonlinearities",30.5254754969794
"130","566",4,"Noise",39.8771011139354
"131","566",4,"Nonlinearities",34.8744439910667
"132","566",4,"NoiseAndNonlinearities",15.55684845105
"133","566",5,"Noise",22.5860663484366
"134","566",5,"Nonlinearities",26.8431466599864
"135","566",5,"NoiseAndNonlinearities",16.40350094243
"136","566",6,"Noise",16.8804361836256
"137","566",6,"Nonlinearities",29.253556155869
"138","566",6,"NoiseAndNonlinearities",27.9778053445897
"139","566",7,"Noise",17.8350858753523
"140","566",7,"Nonlinearities",27.0776073031924
"141","566",7,"NoiseAndNonlinearities",19.3794768365042
"142","566",8,"Noise",20.9781685793677
"143","566",8,"Nonlinearities",26.105364185653
"144","566",8,"NoiseAndNonlinearities",26.3543453938961
"145","566",9,"Noise",30.8057622570653
"146","566",9,"Nonlinearities",30.5351022998213
"147","566",9,"NoiseAndNonlinearities",22.4733060566681
"148","566",10,"Noise",23.4630651195303
"149","566",10,"Nonlinearities",27.2755741185813
"150","566",10,"NoiseAndNonlinearities",26.9239171276364
"151","570",1,"Noise",30.3595984915131
"152","570",1,"Nonlinearities",32.6303661563899
"153","570",1,"NoiseAndNonlinearities",24.3352596188732
"154","570",2,"Noise",17.3344603630826
"155","570",2,"Nonlinearities",27.6821905091146
"156","570",2,"NoiseAndNonlinearities",15.9582441734044
"157","570",3,"Noise",15.8564712077129
"158","570",3,"Nonlinearities",30.441785863789
"159","570",3,"NoiseAndNonlinearities",24.332013731987
"160","570",4,"Noise",17.0905159991375
"161","570",4,"Nonlinearities",29.0213587480188
"162","570",4,"NoiseAndNonlinearities",37.1773855419998
"163","570",5,"Noise",15.9483894155409
"164","570",5,"Nonlinearities",31.2469927373158
"165","570",5,"NoiseAndNonlinearities",35.2987204721528
"166","570",6,"Noise",16.2264734453984
"167","570",6,"Nonlinearities",28.6162695387153
"168","570",6,"NoiseAndNonlinearities",21.0572321425767
"169","570",7,"Noise",17.4845821680209
"170","570",7,"Nonlinearities",27.416897205642
"171","570",7,"NoiseAndNonlinearities",24.6808439086488
"172","570",8,"Noise",16.8711586461805
"173","570",8,"Nonlinearities",33.2423043070379
"174","570",8,"NoiseAndNonlinearities",15.9971126176739
"175","570",9,"Noise",16.9212874905189
"176","570",9,"Nonlinearities",33.2576687512901
"177","570",9,"NoiseAndNonlinearities",16.4549038095108
"178","570",10,"Noise",29.3832570045053
"179","570",10,"Nonlinearities",34.0653788583461
"180","570",10,"NoiseAndNonlinearities",28.4673594263177
"181","571",1,"Noise",23.1910596232848
"182","571",1,"Nonlinearities",27.3832654541674
"183","571",1,"NoiseAndNonlinearities",23.6630320096109
"184","571",2,"Noise",23.3413509754938
"185","571",2,"Nonlinearities",32.9093323415517
"186","571",2,"NoiseAndNonlinearities",16.7503527222238
"187","571",3,"Noise",20.5356789472204
"188","571",3,"Nonlinearities",26.0772449573724
"189","571",3,"NoiseAndNonlinearities",27.0287833219788
"190","571",4,"Noise",24.9702503060959
"191","571",4,"Nonlinearities",29.5780662628973
"192","571",4,"NoiseAndNonlinearities",16.3533279647606
"193","571",5,"Noise",18.0093306822302
"194","571",5,"Nonlinearities",26.6246862693209
"195","571",5,"NoiseAndNonlinearities",21.7453665892209
"196","571",6,"Noise",17.4473696489922
"197","571",6,"Nonlinearities",24.4039018864807
"198","571",6,"NoiseAndNonlinearities",15.9121965898746
"199","571",7,"Noise",30.2941121193204
"200","571",7,"Nonlinearities",23.1065918208376
"201","571",7,"NoiseAndNonlinearities",28.0477069632888
"202","571",8,"Noise",16.9836854916093
"203","571",8,"Nonlinearities",26.4821194727922
"204","571",8,"NoiseAndNonlinearities",18.9032543676151
"205","571",9,"Noise",52.1709440084635
"206","571",9,"Nonlinearities",31.8914819875336
"207","571",9,"NoiseAndNonlinearities",26.5374742765889
"208","571",10,"Noise",18.4178312265111
"209","571",10,"Nonlinearities",30.5791133710613
"210","571",10,"NoiseAndNonlinearities",26.1269187229607
"211","590",1,"Noise",18.240998794689
"212","590",1,"Nonlinearities",26.8591052257721
"213","590",1,"NoiseAndNonlinearities",17.2847000678554
"214","590",2,"Noise",19.3764089248388
"215","590",2,"Nonlinearities",26.2697704993594
"216","590",2,"NoiseAndNonlinearities",20.0041090385372
"217","590",3,"Noise",32.5788849800578
"218","590",3,"Nonlinearities",29.4320866115748
"219","590",3,"NoiseAndNonlinearities",20.812509345634
"220","590",4,"Noise",27.4661160980953
"221","590",4,"Nonlinearities",26.463695717871
"222","590",4,"NoiseAndNonlinearities",24.2159715454718
"223","590",5,"Noise",20.1486285255545
"224","590",5,"Nonlinearities",29.3431962899398
"225","590",5,"NoiseAndNonlinearities",16.4599192305699
"226","590",6,"Noise",18.7892549187968
"227","590",6,"Nonlinearities",28.530544231004
"228","590",6,"NoiseAndNonlinearities",23.2079688964161
"229","590",7,"Noise",15.7252168703265
"230","590",7,"Nonlinearities",34.8864086814021
"231","590",7,"NoiseAndNonlinearities",17.597219923258
"232","590",8,"Noise",14.4419057737985
"233","590",8,"Nonlinearities",33.9849188773648
"234","590",8,"NoiseAndNonlinearities",18.5093404556321
"235","590",9,"Noise",46.368966144019
"236","590",9,"Nonlinearities",33.5795507931376
"237","590",9,"NoiseAndNonlinearities",16.6720326603669
"238","590",10,"Noise",30.4310418766868
"239","590",10,"Nonlinearities",37.9311899546837
"240","590",10,"NoiseAndNonlinearities",26.9576001213685
"241","591",1,"Noise",21.2292124234864
"242","591",1,"Nonlinearities",33.6648446681681
"243","591",1,"NoiseAndNonlinearities",15.0424558815211
"244","591",2,"Noise",25.3205305324904
"245","591",2,"Nonlinearities",31.3755577350876
"246","591",2,"NoiseAndNonlinearities",28.1267610782149
"247","591",3,"Noise",18.6927442346233
"248","591",3,"Nonlinearities",28.1773351645685
"249","591",3,"NoiseAndNonlinearities",23.8820086741968
"250","591",4,"Noise",15.6497886053312
"251","591",4,"Nonlinearities",34.9231798289966
"252","591",4,"NoiseAndNonlinearities",24.0045362614281
"253","591",5,"Noise",21.5208221063648
"254","591",5,"Nonlinearities",30.7488035782759
"255","591",5,"NoiseAndNonlinearities",22.8707654233973
"256","591",6,"Noise",21.1394098985392
"257","591",6,"Nonlinearities",34.3201056693525
"258","591",6,"NoiseAndNonlinearities",26.2981142019798
"259","591",7,"Noise",17.0256089524335
"260","591",7,"Nonlinearities",33.0767067045556
"261","591",7,"NoiseAndNonlinearities",25.9323489236846
"262","591",8,"Noise",18.9564047004451
"263","591",8,"Nonlinearities",24.9590343680556
"264","591",8,"NoiseAndNonlinearities",26.5191093353365
"265","591",9,"Noise",17.0869935593357
"266","591",9,"Nonlinearities",29.2520402448046
"267","591",9,"NoiseAndNonlinearities",16.3767436224451
"268","591",10,"Noise",17.1250530518066
"269","591",10,"Nonlinearities",35.4344820998042
"270","591",10,"NoiseAndNonlinearities",16.2620124928627
"271","592",1,"Noise",21.6542345684966
"272","592",1,"Nonlinearities",31.7058323932895
"273","592",1,"NoiseAndNonlinearities",22.8808444808591
"274","592",2,"Noise",46.0874651332869
"275","592",2,"Nonlinearities",33.4715573219529
"276","592",2,"NoiseAndNonlinearities",22.419901456187
"277","592",3,"Noise",16.6505651997413
"278","592",3,"Nonlinearities",38.4859000969928
"279","592",3,"NoiseAndNonlinearities",16.4016797624634
"280","592",4,"Noise",51.1550354837165
"281","592",4,"Nonlinearities",36.516838971588
"282","592",4,"NoiseAndNonlinearities",16.8102488915623
"283","592",5,"Noise",15.850992038261
"284","592",5,"Nonlinearities",27.5704979414651
"285","592",5,"NoiseAndNonlinearities",16.5027117321266
"286","592",6,"Noise",25.525389462621
"287","592",6,"Nonlinearities",28.0982182902856
"288","592",6,"NoiseAndNonlinearities",17.5138682450721
"289","592",7,"Noise",15.7315489917168
"290","592",7,"Nonlinearities",32.8086099228749
"291","592",7,"NoiseAndNonlinearities",20.6806287820584
"292","592",8,"Noise",26.2175733489622
"293","592",8,"Nonlinearities",29.0596624095961
"294","592",8,"NoiseAndNonlinearities",23.4468132101965
"295","592",9,"Noise",18.977467482351
"296","592",9,"Nonlinearities",25.8747101341806
"297","592",9,"NoiseAndNonlinearities",26.73795499068
"298","592",10,"Noise",18.7276520948574
"299","592",10,"Nonlinearities",20.2708867877731
"300","592",10,"NoiseAndNonlinearities",15.7832029801424
"301","601",1,"Noise",28.1475962391649
"302","601",1,"Nonlinearities",32.2586171582667
"303","601",1,"NoiseAndNonlinearities",17.7636686065263
"304","601",2,"Noise",20.018291515116
"305","601",2,"Nonlinearities",26.3982757871351
"306","601",2,"NoiseAndNonlinearities",25.74361547185
"307","601",3,"Noise",20.66296443291
"308","601",3,"Nonlinearities",34.7960039171245
"309","601",3,"NoiseAndNonlinearities",15.9630305314681
"310","601",4,"Noise",17.065888796374
"311","601",4,"Nonlinearities",25.8543269644918
"312","601",4,"NoiseAndNonlinearities",19.6559142522301
"313","601",5,"Noise",21.5047993172893
"314","601",5,"Nonlinearities",26.1160280771918
"315","601",5,"NoiseAndNonlinearities",22.5593835074279
"316","601",6,"Noise",23.5666600486778
"317","601",6,"Nonlinearities",36.0568116864388
"318","601",6,"NoiseAndNonlinearities",16.1720383702546
"319","601",7,"Noise",27.2725297952511
"320","601",7,"Nonlinearities",40.2200406235176
"321","601",7,"NoiseAndNonlinearities",16.0577789546678
"322","601",8,"Noise",18.8097162919995
"323","601",8,"Nonlinearities",30.9201239057596
"324","601",8,"NoiseAndNonlinearities",32.0644381252856
"325","601",9,"Noise",27.4905011884232
"326","601",9,"Nonlinearities",27.0428728705284
"327","601",9,"NoiseAndNonlinearities",24.0404720207359
"328","601",10,"Noise",15.4058563987168
"329","601",10,"Nonlinearities",28.6730962131003
"330","601",10,"NoiseAndNonlinearities",21.9649265472989
"331","606",1,"Noise",17.5124343547043
"332","606",1,"Nonlinearities",37.5771935930524
"333","606",1,"NoiseAndNonlinearities",18.2524221778824
"334","606",2,"Noise",19.34547496916
"335","606",2,"Nonlinearities",21.9743474735787
"336","606",2,"NoiseAndNonlinearities",24.729636791594
"337","606",3,"Noise",17.6421071911647
"338","606",3,"Nonlinearities",26.2332815242662
"339","606",3,"NoiseAndNonlinearities",19.8083318733048
"340","606",4,"Noise",16.1927234173115
"341","606",4,"Nonlinearities",28.1489670888193
"342","606",4,"NoiseAndNonlinearities",18.2149718403083
"343","606",5,"Noise",18.186756873073
"344","606",5,"Nonlinearities",28.8164422662173
"345","606",5,"NoiseAndNonlinearities",15.1144079996891
"346","606",6,"Noise",31.8495198278896
"347","606",6,"Nonlinearities",23.4562110498974
"348","606",6,"NoiseAndNonlinearities",20.1905832136377
"349","606",7,"Noise",20.7068520454254
"350","606",7,"Nonlinearities",27.329597221821
"351","606",7,"NoiseAndNonlinearities",15.9206836053908
"352","606",8,"Noise",20.1565932485017
"353","606",8,"Nonlinearities",30.8691404368173
"354","606",8,"NoiseAndNonlinearities",15.1938881685348
"355","606",9,"Noise",41.6095993448985
"356","606",9,"Nonlinearities",29.8651067402771
"357","606",9,"NoiseAndNonlinearities",16.3904173639146
"358","606",10,"Noise",16.9573406480541
"359","606",10,"Nonlinearities",27.6594130575723
"360","606",10,"NoiseAndNonlinearities",18.0577561508404
"361","633",1,"Noise",16.1120560932328
"362","633",1,"Nonlinearities",29.0014971376622
"363","633",1,"NoiseAndNonlinearities",12.1735341871419
"364","633",2,"Noise",32.8958053455768
"365","633",2,"Nonlinearities",46.863486396345
"366","633",2,"NoiseAndNonlinearities",15.9461956220294
"367","633",3,"Noise",15.5072933587788
"368","633",3,"Nonlinearities",31.1143266595074
"369","633",3,"NoiseAndNonlinearities",17.5028352182791
"370","633",4,"Noise",26.9705184847475
"371","633",4,"Nonlinearities",28.287631392276
"372","633",4,"NoiseAndNonlinearities",26.5752697410481
"373","633",5,"Noise",25.4888395330451
"374","633",5,"Nonlinearities",28.8248534941698
"375","633",5,"NoiseAndNonlinearities",19.4650178090262
"376","633",6,"Noise",38.5773906805104
"377","633",6,"Nonlinearities",29.9225899550853
"378","633",6,"NoiseAndNonlinearities",25.1562133776156
"379","633",7,"Noise",41.6204298985925
"380","633",7,"Nonlinearities",38.4714340275391
"381","633",7,"NoiseAndNonlinearities",23.393310379079
"382","633",8,"Noise",31.2071884357496
"383","633",8,"Nonlinearities",22.5631965703188
"384","633",8,"NoiseAndNonlinearities",32.1246004360336
"385","633",9,"Noise",39.5029062384192
"386","633",9,"Nonlinearities",41.6258639488859
"387","633",9,"NoiseAndNonlinearities",24.1195708485444
"388","633",10,"Noise",15.0479196933162
"389","633",10,"Nonlinearities",29.0094406802193
"390","633",10,"NoiseAndNonlinearities",20.8647867328122
"391","644",1,"Noise",21.967939988828
"392","644",1,"Nonlinearities",30.8257777574827
"393","644",1,"NoiseAndNonlinearities",25.6349057409661
"394","644",2,"Noise",28.6089292720468
"395","644",2,"Nonlinearities",37.0530813191812
"396","644",2,"NoiseAndNonlinearities",17.1178180936864
"397","644",3,"Noise",18.8560401379986
"398","644",3,"Nonlinearities",31.1411532905982
"399","644",3,"NoiseAndNonlinearities",16.5550302975558
"400","644",4,"Noise",22.0750459695735
"401","644",4,"Nonlinearities",36.898642980577
"402","644",4,"NoiseAndNonlinearities",26.5166262273902
"403","644",5,"Noise",20.9141908360991
"404","644",5,"Nonlinearities",31.8957781923468
"405","644",5,"NoiseAndNonlinearities",16.3433487585546
"406","644",6,"Noise",18.7584153971693
"407","644",6,"Nonlinearities",29.0942397893846
"408","644",6,"NoiseAndNonlinearities",17.3858719418482
"409","644",7,"Noise",18.033398789893
"410","644",7,"Nonlinearities",35.9569786502102
"411","644",7,"NoiseAndNonlinearities",17.07460977263
"412","644",8,"Noise",40.8159089009709
"413","644",8,"Nonlinearities",31.8780025824033
"414","644",8,"NoiseAndNonlinearities",24.3718333746194
"415","644",9,"Noise",28.8781843537305
"416","644",9,"Nonlinearities",30.8839255765958
"417","644",9,"NoiseAndNonlinearities",16.4640398340663
"418","644",10,"Noise",19.3055249648056
"419","644",10,"Nonlinearities",34.1788267982005
"420","644",10,"NoiseAndNonlinearities",20.6481820349417
"421","Subject001",1,"Noise",24.9648036810489
"422","Subject001",1,"Nonlinearities",30.3334406298621
"423","Subject001",1,"NoiseAndNonlinearities",20.2614814575224
"424","Subject001",2,"Noise",20.5699833084572
"425","Subject001",2,"Nonlinearities",28.194588047109
"426","Subject001",2,"NoiseAndNonlinearities",21.0232202933102
"427","Subject001",3,"Noise",20.5357417434263
"428","Subject001",3,"Nonlinearities",33.3712735698969
"429","Subject001",3,"NoiseAndNonlinearities",20.7365619345504
"430","Subject001",4,"Noise",15.5990248539232
"431","Subject001",4,"Nonlinearities",36.3529739225652
"432","Subject001",4,"NoiseAndNonlinearities",19.9994857464545
"433","Subject001",5,"Noise",24.4603182122085
"434","Subject001",5,"Nonlinearities",28.6833305358809
"435","Subject001",5,"NoiseAndNonlinearities",22.9384440296082
"436","Subject001",6,"Noise",41.6854081431259
"437","Subject001",6,"Nonlinearities",23.6456760503833
"438","Subject001",6,"NoiseAndNonlinearities",17.7902104937304
"439","Subject001",7,"Noise",24.4910021843868
"440","Subject001",7,"Nonlinearities",27.2412022210677
"441","Subject001",7,"NoiseAndNonlinearities",20.7386802779258
"442","Subject001",8,"Noise",15.9911198925953
"443","Subject001",8,"Nonlinearities",34.261930514723
"444","Subject001",8,"NoiseAndNonlinearities",25.1595562265723
"445","Subject001",9,"Noise",16.8486446442233
"446","Subject001",9,"Nonlinearities",32.7027661725447
"447","Subject001",9,"NoiseAndNonlinearities",30.0472909161882
"448","Subject001",10,"Noise",19.1169416296372
"449","Subject001",10,"Nonlinearities",33.1534687871378
"450","Subject001",10,"NoiseAndNonlinearities",17.5945239400033
"451","Subject006_2",1,"Noise",14.6430105700893
"452","Subject006_2",1,"Nonlinearities",39.3887458710148
"453","Subject006_2",1,"NoiseAndNonlinearities",15.6909545805929
"454","Subject006_2",2,"Noise",24.7976509587488
"455","Subject006_2",2,"Nonlinearities",34.0188823022372
"456","Subject006_2",2,"NoiseAndNonlinearities",21.1093923989774
"457","Subject006_2",3,"Noise",16.930212282772
"458","Subject006_2",3,"Nonlinearities",31.4946933710141
"459","Subject006_2",3,"NoiseAndNonlinearities",13.8005942172095
"460","Subject006_2",4,"Noise",33.607284176368
"461","Subject006_2",4,"Nonlinearities",30.938711290891
"462","Subject006_2",4,"NoiseAndNonlinearities",16.7267073856319
"463","Subject006_2",5,"Noise",15.6985440368625
"464","Subject006_2",5,"Nonlinearities",41.6913951042736
"465","Subject006_2",5,"NoiseAndNonlinearities",26.2230383739177
"466","Subject006_2",6,"Noise",14.6658948455917
"467","Subject006_2",6,"Nonlinearities",33.8951009820217
"468","Subject006_2",6,"NoiseAndNonlinearities",31.3693911697329
"469","Subject006_2",7,"Noise",20.4067037452655
"470","Subject006_2",7,"Nonlinearities",34.6636382025802
"471","Subject006_2",7,"NoiseAndNonlinearities",28.1662143702049
"472","Subject006_2",8,"Noise",19.3179929906024
"473","Subject006_2",8,"Nonlinearities",37.7251326419024
"474","Subject006_2",8,"NoiseAndNonlinearities",39.0410279681878
"475","Subject006_2",9,"Noise",15.8747738386475
"476","Subject006_2",9,"Nonlinearities",35.0011323196135
"477","Subject006_2",9,"NoiseAndNonlinearities",15.9980749774841
"478","Subject006_2",10,"Noise",29.9315713241157
"479","Subject006_2",10,"Nonlinearities",39.7901442988069
"480","Subject006_2",10,"NoiseAndNonlinearities",20.9240013480062
"481","Subject008",1,"Noise",23.0303203566131
"482","Subject008",1,"Nonlinearities",28.2279554281717
"483","Subject008",1,"NoiseAndNonlinearities",21.4415437033887
"484","Subject008",2,"Noise",20.9148259373636
"485","Subject008",2,"Nonlinearities",24.9564854872824
"486","Subject008",2,"NoiseAndNonlinearities",24.0317046850356
"487","Subject008",3,"Noise",38.3626541100241
"488","Subject008",3,"Nonlinearities",31.3049777881907
"489","Subject008",3,"NoiseAndNonlinearities",16.9084917499094
"490","Subject008",4,"Noise",29.6774314395114
"491","Subject008",4,"Nonlinearities",29.9771924163374
"492","Subject008",4,"NoiseAndNonlinearities",29.9643309870966
"493","Subject008",5,"Noise",22.3182582213929
"494","Subject008",5,"Nonlinearities",26.253115345875
"495","Subject008",5,"NoiseAndNonlinearities",16.7615168516397
"496","Subject008",6,"Noise",32.0552210169473
"497","Subject008",6,"Nonlinearities",25.3196719495996
"498","Subject008",6,"NoiseAndNonlinearities",22.5249251724836
"499","Subject008",7,"Noise",31.4306909160595
"500","Subject008",7,"Nonlinearities",25.937018191703
"501","Subject008",7,"NoiseAndNonlinearities",17.0098893517214
"502","Subject008",8,"Noise",45.4353970559838
"503","Subject008",8,"Nonlinearities",25.5262350415617
"504","Subject008",8,"NoiseAndNonlinearities",28.0847028150773
"505","Subject008",9,"Noise",18.6640852421998
"506","Subject008",9,"Nonlinearities",23.7948549794304
"507","Subject008",9,"NoiseAndNonlinearities",17.2233020945839
"508","Subject008",10,"Noise",32.9309320033503
"509","Subject008",10,"Nonlinearities",28.4595635499999
"510","Subject008",10,"NoiseAndNonlinearities",16.9409157532809
"511","Subject014",1,"Noise",35.9362519473657
"512","Subject014",1,"Nonlinearities",32.6591189877462
"513","Subject014",1,"NoiseAndNonlinearities",18.3159573922919
"514","Subject014",2,"Noise",19.1416942397438
"515","Subject014",2,"Nonlinearities",32.7742099031664
"516","Subject014",2,"NoiseAndNonlinearities",22.7787452132349
"517","Subject014",3,"Noise",18.2221097052668
"518","Subject014",3,"Nonlinearities",32.9559029632327
"519","Subject014",3,"NoiseAndNonlinearities",27.1946882997964
"520","Subject014",4,"Noise",18.8817911276681
"521","Subject014",4,"Nonlinearities",26.6440280932846
"522","Subject014",4,"NoiseAndNonlinearities",25.2772490724434
"523","Subject014",5,"Noise",17.183162512176
"524","Subject014",5,"Nonlinearities",22.5328276162779
"525","Subject014",5,"NoiseAndNonlinearities",22.1820350110993
"526","Subject014",6,"Noise",21.3160521062622
"527","Subject014",6,"Nonlinearities",29.6660585187758
"528","Subject014",6,"NoiseAndNonlinearities",16.2265876506242
"529","Subject014",7,"Noise",40.2188240188227
"530","Subject014",7,"Nonlinearities",26.6603145448639
"531","Subject014",7,"NoiseAndNonlinearities",20.1206302291276
"532","Subject014",8,"Noise",17.7971551349421
"533","Subject014",8,"Nonlinearities",35.8369276625956
"534","Subject014",8,"NoiseAndNonlinearities",24.635925837049
"535","Subject014",9,"Noise",19.0919384742944
"536","Subject014",9,"Nonlinearities",41.9376047217731
"537","Subject014",9,"NoiseAndNonlinearities",18.3937289719469
"538","Subject014",10,"Noise",15.7644795384337
"539","Subject014",10,"Nonlinearities",31.2814149982052
"540","Subject014",10,"NoiseAndNonlinearities",20.686159944404
"541","Subject015",1,"Noise",24.5234791916118
"542","Subject015",1,"Nonlinearities",32.321591220451
"543","Subject015",1,"NoiseAndNonlinearities",21.1465590270188
"544","Subject015",2,"Noise",20.0379398703586
"545","Subject015",2,"Nonlinearities",32.356949396131
"546","Subject015",2,"NoiseAndNonlinearities",22.3222896080138
"547","Subject015",3,"Noise",16.4388381186081
"548","Subject015",3,"Nonlinearities",29.4775211207174
"549","Subject015",3,"NoiseAndNonlinearities",24.4310830494748
"550","Subject015",4,"Noise",15.9110575666999
"551","Subject015",4,"Nonlinearities",29.8809674433526
"552","Subject015",4,"NoiseAndNonlinearities",26.9523150490966
"553","Subject015",5,"Noise",22.8680109531506
"554","Subject015",5,"Nonlinearities",28.8288546043679
"555","Subject015",5,"NoiseAndNonlinearities",19.6054319146862
"556","Subject015",6,"Noise",21.6139534066805
"557","Subject015",6,"Nonlinearities",33.8023029988549
"558","Subject015",6,"NoiseAndNonlinearities",17.1782539257696
"559","Subject015",7,"Noise",32.1877832354041
"560","Subject015",7,"Nonlinearities",35.8411996424446
"561","Subject015",7,"NoiseAndNonlinearities",20.8889539964272
"562","Subject015",8,"Noise",16.096508048292
"563","Subject015",8,"Nonlinearities",29.1356486815416
"564","Subject015",8,"NoiseAndNonlinearities",17.4521292912336
"565","Subject015",9,"Noise",17.6346610384336
"566","Subject015",9,"Nonlinearities",42.3152937233264
"567","Subject015",9,"NoiseAndNonlinearities",17.0574943749073
"568","Subject015",10,"Noise",17.4511576995715
"569","Subject015",10,"Nonlinearities",29.7690220095208
"570","Subject015",10,"NoiseAndNonlinearities",17.7751302376935
"571","Subject017",1,"Noise",22.5644881667763
"572","Subject017",1,"Nonlinearities",35.7917652030429
"573","Subject017",1,"NoiseAndNonlinearities",18.2539611022959
"574","Subject017",2,"Noise",22.5404277075049
"575","Subject017",2,"Nonlinearities",40.1226962865666
"576","Subject017",2,"NoiseAndNonlinearities",18.2525072008049
"577","Subject017",3,"Noise",17.6109649116426
"578","Subject017",3,"Nonlinearities",29.3980090191194
"579","Subject017",3,"NoiseAndNonlinearities",30.1632852470318
"580","Subject017",4,"Noise",17.2733731261671
"581","Subject017",4,"Nonlinearities",38.8875226378412
"582","Subject017",4,"NoiseAndNonlinearities",39.3721705059322
"583","Subject017",5,"Noise",27.531027075386
"584","Subject017",5,"Nonlinearities",32.1713558852005
"585","Subject017",5,"NoiseAndNonlinearities",21.0050988458654
"586","Subject017",6,"Noise",18.9349492966921
"587","Subject017",6,"Nonlinearities",36.6071008217875
"588","Subject017",6,"NoiseAndNonlinearities",17.4623625838445
"589","Subject017",7,"Noise",18.331211617002
"590","Subject017",7,"Nonlinearities",35.7889985540312
"591","Subject017",7,"NoiseAndNonlinearities",24.4331939294672
"592","Subject017",8,"Noise",21.0549103659152
"593","Subject017",8,"Nonlinearities",15.5646031856596
"594","Subject017",8,"NoiseAndNonlinearities",23.9694689873227
"595","Subject017",9,"Noise",25.3699836740515
"596","Subject017",9,"Nonlinearities",43.420673074912
"597","Subject017",9,"NoiseAndNonlinearities",17.5871912264628
"598","Subject017",10,"Noise",16.0148352101471
"599","Subject017",10,"Nonlinearities",35.0964611465832
"600","Subject017",10,"NoiseAndNonlinearities",39.9296045776821
"601","Subject019",1,"Noise",18.6230713730794
"602","Subject019",1,"Nonlinearities",28.0815463221816
"603","Subject019",1,"NoiseAndNonlinearities",25.4201541949703
"604","Subject019",2,"Noise",20.0320921904959
"605","Subject019",2,"Nonlinearities",21.280493473352
"606","Subject019",2,"NoiseAndNonlinearities",19.5907895075199
"607","Subject019",3,"Noise",19.7576701815923
"608","Subject019",3,"Nonlinearities",32.2907216595807
"609","Subject019",3,"NoiseAndNonlinearities",15.4952979608124
"610","Subject019",4,"Noise",19.7859783348382
"611","Subject019",4,"Nonlinearities",30.9720708648818
"612","Subject019",4,"NoiseAndNonlinearities",17.604761288712
"613","Subject019",5,"Noise",24.0053819724404
"614","Subject019",5,"Nonlinearities",37.5754291435241
"615","Subject019",5,"NoiseAndNonlinearities",20.1724380530081
"616","Subject019",6,"Noise",31.6538659870158
"617","Subject019",6,"Nonlinearities",30.8556240435602
"618","Subject019",6,"NoiseAndNonlinearities",16.8690713032677
"619","Subject019",7,"Noise",44.9524114632264
"620","Subject019",7,"Nonlinearities",28.0963677193636
"621","Subject019",7,"NoiseAndNonlinearities",21.2843267275673
"622","Subject019",8,"Noise",28.8917707695934
"623","Subject019",8,"Nonlinearities",31.6610335032101
"624","Subject019",8,"NoiseAndNonlinearities",16.8826159230423
"625","Subject019",9,"Noise",19.221093104203
"626","Subject019",9,"Nonlinearities",27.930546320754
"627","Subject019",9,"NoiseAndNonlinearities",28.9732947351002
"628","Subject019",10,"Noise",17.6860600189772
"629","Subject019",10,"Nonlinearities",39.1894623611063
"630","Subject019",10,"NoiseAndNonlinearities",16.2123875638749
"631","Subject024",1,"Noise",31.4239123212476
"632","Subject024",1,"Nonlinearities",29.8224559836953
"633","Subject024",1,"NoiseAndNonlinearities",17.4264572060441
"634","Subject024",2,"Noise",24.3437796648051
"635","Subject024",2,"Nonlinearities",27.6792775981737
"636","Subject024",2,"NoiseAndNonlinearities",16.3744523286173
"637","Subject024",3,"Noise",16.6096568880416
"638","Subject024",3,"Nonlinearities",29.1914182776518
"639","Subject024",3,"NoiseAndNonlinearities",12.4899751810678
"640","Subject024",4,"Noise",25.6451227039988
"641","Subject024",4,"Nonlinearities",29.763158210862
"642","Subject024",4,"NoiseAndNonlinearities",20.4721909559737
"643","Subject024",5,"Noise",17.2271351917996
"644","Subject024",5,"Nonlinearities",25.6874044062993
"645","Subject024",5,"NoiseAndNonlinearities",22.9307278167167
"646","Subject024",6,"Noise",28.4595659891013
"647","Subject024",6,"Nonlinearities",26.9399377327281
"648","Subject024",6,"NoiseAndNonlinearities",15.8791438585481
"649","Subject024",7,"Noise",23.5182288940926
"650","Subject024",7,"Nonlinearities",27.7060671147218
"651","Subject024",7,"NoiseAndNonlinearities",15.5250404698719
"652","Subject024",8,"Noise",15.1774863484283
"653","Subject024",8,"Nonlinearities",32.6312716405413
"654","Subject024",8,"NoiseAndNonlinearities",17.5974499711468
"655","Subject024",9,"Noise",24.1508063266734
"656","Subject024",9,"Nonlinearities",35.3761872773516
"657","Subject024",9,"NoiseAndNonlinearities",18.9424939295604
"658","Subject024",10,"Noise",20.4068951757218
"659","Subject024",10,"Nonlinearities",29.6593509897286
"660","Subject024",10,"NoiseAndNonlinearities",22.2604855416884
"661","Subject026",1,"Noise",17.8187560782189
"662","Subject026",1,"Nonlinearities",29.3746054510715
"663","Subject026",1,"NoiseAndNonlinearities",19.9036937849117
"664","Subject026",2,"Noise",21.7369697875822
"665","Subject026",2,"Nonlinearities",30.0439347700141
"666","Subject026",2,"NoiseAndNonlinearities",18.7521317448737
"667","Subject026",3,"Noise",16.9838775544543
"668","Subject026",3,"Nonlinearities",36.3799341237253
"669","Subject026",3,"NoiseAndNonlinearities",25.5452165266404
"670","Subject026",4,"Noise",20.7113151255623
"671","Subject026",4,"Nonlinearities",32.3196579446292
"672","Subject026",4,"NoiseAndNonlinearities",17.0055416920071
"673","Subject026",5,"Noise",26.0321861691843
"674","Subject026",5,"Nonlinearities",30.130272958792
"675","Subject026",5,"NoiseAndNonlinearities",18.5097081690287
"676","Subject026",6,"Noise",22.5004236751446
"677","Subject026",6,"Nonlinearities",36.77704297525
"678","Subject026",6,"NoiseAndNonlinearities",15.4150082443881
"679","Subject026",7,"Noise",27.7842984756414
"680","Subject026",7,"Nonlinearities",39.1599653130346
"681","Subject026",7,"NoiseAndNonlinearities",19.5178319260863
"682","Subject026",8,"Noise",28.0831693378435
"683","Subject026",8,"Nonlinearities",33.4776306647145
"684","Subject026",8,"NoiseAndNonlinearities",23.429400355816
"685","Subject026",9,"Noise",19.8703761561851
"686","Subject026",9,"Nonlinearities",34.2083968363409
"687","Subject026",9,"NoiseAndNonlinearities",29.6609191846975
"688","Subject026",10,"Noise",24.0127872392614
"689","Subject026",10,"Nonlinearities",29.924607995116
"690","Subject026",10,"NoiseAndNonlinearities",17.1823809980422
"691","Subject029",1,"Noise",18.4458089645023
"692","Subject029",1,"Nonlinearities",32.307499424192
"693","Subject029",1,"NoiseAndNonlinearities",18.1537856244521
"694","Subject029",2,"Noise",65.1594089073372
"695","Subject029",2,"Nonlinearities",29.4087410713955
"696","Subject029",2,"NoiseAndNonlinearities",19.8917812916409
"697","Subject029",3,"Noise",25.8794864600222
"698","Subject029",3,"Nonlinearities",30.1235774199749
"699","Subject029",3,"NoiseAndNonlinearities",17.4898376088334
"700","Subject029",4,"Noise",20.0419947774706
"701","Subject029",4,"Nonlinearities",23.9061639484463
"702","Subject029",4,"NoiseAndNonlinearities",16.8390735163432
"703","Subject029",5,"Noise",20.2933983882712
"704","Subject029",5,"Nonlinearities",29.0716696072727
"705","Subject029",5,"NoiseAndNonlinearities",15.8416657238207
"706","Subject029",6,"Noise",15.9745841549439
"707","Subject029",6,"Nonlinearities",35.5104617022384
"708","Subject029",6,"NoiseAndNonlinearities",19.1113814210807
"709","Subject029",7,"Noise",16.1472524504214
"710","Subject029",7,"Nonlinearities",28.6606707909501
"711","Subject029",7,"NoiseAndNonlinearities",16.4421516709839
"712","Subject029",8,"Noise",15.8913290777612
"713","Subject029",8,"Nonlinearities",28.9201726670866
"714","Subject029",8,"NoiseAndNonlinearities",16.4992185588057
"715","Subject029",9,"Noise",15.9774148395121
"716","Subject029",9,"Nonlinearities",40.3583849327783
"717","Subject029",9,"NoiseAndNonlinearities",18.5281047868411
"718","Subject029",10,"Noise",20.713606082354
"719","Subject029",10,"Nonlinearities",32.6658980323903
"720","Subject029",10,"NoiseAndNonlinearities",17.3377572948872
"721","Xe483",1,"Noise",19.979546189398
"722","Xe483",1,"Nonlinearities",29.2952515613106
"723","Xe483",1,"NoiseAndNonlinearities",18.5123225455909
"724","Xe483",2,"Noise",19.7208711295348
"725","Xe483",2,"Nonlinearities",32.3861626204384
"726","Xe483",2,"NoiseAndNonlinearities",16.8761134453165
"727","Xe483",3,"Noise",16.149614302425
"728","Xe483",3,"Nonlinearities",32.4847367429796
"729","Xe483",3,"NoiseAndNonlinearities",16.2490471977993
"730","Xe483",4,"Noise",16.4629225220527
"731","Xe483",4,"Nonlinearities",32.9682910413275
"732","Xe483",4,"NoiseAndNonlinearities",22.690163876619
"733","Xe483",5,"Noise",21.2899624296046
"734","Xe483",5,"Nonlinearities",27.9396333711218
"735","Xe483",5,"NoiseAndNonlinearities",23.2324062934492
"736","Xe483",6,"Noise",22.2946923712889
"737","Xe483",6,"Nonlinearities",29.1168030634968
"738","Xe483",6,"NoiseAndNonlinearities",22.5209401020173
"739","Xe483",7,"Noise",30.2927570412316
"740","Xe483",7,"Nonlinearities",25.5905618942804
"741","Xe483",7,"NoiseAndNonlinearities",21.9923170682618
"742","Xe483",8,"Noise",36.6142869651849
"743","Xe483",8,"Nonlinearities",29.5799772701298
"744","Xe483",8,"NoiseAndNonlinearities",17.1187055246498
"745","Xe483",9,"Noise",20.3505338009852
"746","Xe483",9,"Nonlinearities",30.274210925458
"747","Xe483",9,"NoiseAndNonlinearities",18.0734415139378
"748","Xe483",10,"Noise",18.111953222593
"749","Xe483",10,"Nonlinearities",30.108880751588
"750","Xe483",10,"NoiseAndNonlinearities",16.7695651711765
"751","Xe490",1,"Noise",48.5003878074224
"752","Xe490",1,"Nonlinearities",24.7005564842986
"753","Xe490",1,"NoiseAndNonlinearities",14.7833959938323
"754","Xe490",2,"Noise",38.0371008532575
"755","Xe490",2,"Nonlinearities",30.0621710164365
"756","Xe490",2,"NoiseAndNonlinearities",22.5653206306598
"757","Xe490",3,"Noise",21.8308294819322
"758","Xe490",3,"Nonlinearities",27.6010087330501
"759","Xe490",3,"NoiseAndNonlinearities",15.9437327888689
"760","Xe490",4,"Noise",21.0923201191307
"761","Xe490",4,"Nonlinearities",31.3018427706254
"762","Xe490",4,"NoiseAndNonlinearities",19.8722606151299
"763","Xe490",5,"Noise",27.9633771454518
"764","Xe490",5,"Nonlinearities",32.0367514933482
"765","Xe490",5,"NoiseAndNonlinearities",24.2356055518866
"766","Xe490",6,"Noise",15.8451120671977
"767","Xe490",6,"Nonlinearities",33.682182469071
"768","Xe490",6,"NoiseAndNonlinearities",13.2337436182203
"769","Xe490",7,"Noise",15.0354169418328
"770","Xe490",7,"Nonlinearities",46.5284660748224
"771","Xe490",7,"NoiseAndNonlinearities",22.4062653408674
"772","Xe490",8,"Noise",23.902818561311
"773","Xe490",8,"Nonlinearities",30.7816893832509
"774","Xe490",8,"NoiseAndNonlinearities",28.3618375344308
"775","Xe490",9,"Noise",25.7200100257782
"776","Xe490",9,"Nonlinearities",39.7473479304877
"777","Xe490",9,"NoiseAndNonlinearities",33.856615794323
"778","Xe490",10,"Noise",43.045652785384
"779","Xe490",10,"Nonlinearities",31.4431569577578
"780","Xe490",10,"NoiseAndNonlinearities",18.557081087506
"781","Xe506",1,"Noise",17.3560764978489
"782","Xe506",1,"Nonlinearities",33.6385329741908
"783","Xe506",1,"NoiseAndNonlinearities",15.2037939014859
"784","Xe506",2,"Noise",24.7191625761825
"785","Xe506",2,"Nonlinearities",27.5818342068369
"786","Xe506",2,"NoiseAndNonlinearities",32.7311345775322
"787","Xe506",3,"Noise",22.3286675028039
"788","Xe506",3,"Nonlinearities",34.2523463932603
"789","Xe506",3,"NoiseAndNonlinearities",18.7432448045954
"790","Xe506",4,"Noise",29.1408550982179
"791","Xe506",4,"Nonlinearities",29.636438498595
"792","Xe506",4,"NoiseAndNonlinearities",17.4110398484976
"793","Xe506",5,"Noise",31.073875263241
"794","Xe506",5,"Nonlinearities",26.6684928290226
"795","Xe506",5,"NoiseAndNonlinearities",27.0977348362674
"796","Xe506",6,"Noise",21.6027188251874
"797","Xe506",6,"Nonlinearities",32.9605006772875
"798","Xe506",6,"NoiseAndNonlinearities",17.2915153405304
"799","Xe506",7,"Noise",24.1351741222491
"800","Xe506",7,"Nonlinearities",30.3370828994669
"801","Xe506",7,"NoiseAndNonlinearities",19.3367270132049
"802","Xe506",8,"Noise",20.223357182166
"803","Xe506",8,"Nonlinearities",34.8583628596336
"804","Xe506",8,"NoiseAndNonlinearities",14.8407276257205
"805","Xe506",9,"Noise",16.8590661709724
"806","Xe506",9,"Nonlinearities",27.3919353170236
"807","Xe506",9,"NoiseAndNonlinearities",19.8610409702729
"808","Xe506",10,"Noise",19.1419098074531
"809","Xe506",10,"Nonlinearities",23.1701609592929
"810","Xe506",10,"NoiseAndNonlinearities",19.0797821432743
"811","Xe507",1,"Noise",27.4842518800807
"812","Xe507",1,"Nonlinearities",46.1088309123121
"813","Xe507",1,"NoiseAndNonlinearities",22.6327602313541
"814","Xe507",2,"Noise",68.339597351977
"815","Xe507",2,"Nonlinearities",30.8064072791041
"816","Xe507",2,"NoiseAndNonlinearities",15.6289847725123
"817","Xe507",3,"Noise",19.7066200471435
"818","Xe507",3,"Nonlinearities",31.3872386431088
"819","Xe507",3,"NoiseAndNonlinearities",16.7896718269213
"820","Xe507",4,"Noise",19.3276545633825
"821","Xe507",4,"Nonlinearities",28.3798259712664
"822","Xe507",4,"NoiseAndNonlinearities",16.4491063124747
"823","Xe507",5,"Noise",19.3102582820148
"824","Xe507",5,"Nonlinearities",27.9069560987326
"825","Xe507",5,"NoiseAndNonlinearities",24.367647805711
"826","Xe507",6,"Noise",17.4299355751912
"827","Xe507",6,"Nonlinearities",32.4047574912312
"828","Xe507",6,"NoiseAndNonlinearities",15.6578282085783
"829","Xe507",7,"Noise",40.9667809587576
"830","Xe507",7,"Nonlinearities",36.3283648846851
"831","Xe507",7,"NoiseAndNonlinearities",22.2794812602653
"832","Xe507",8,"Noise",16.1246509602033
"833","Xe507",8,"Nonlinearities",30.6413960883079
"834","Xe507",8,"NoiseAndNonlinearities",17.6446220232976
"835","Xe507",9,"Noise",32.1190207351592
"836","Xe507",9,"Nonlinearities",31.9577677338886
"837","Xe507",9,"NoiseAndNonlinearities",13.5486231586472
"838","Xe507",10,"Noise",28.5689072529628
"839","Xe507",10,"Nonlinearities",33.7219736828853
"840","Xe507",10,"NoiseAndNonlinearities",20.3824333127845
"841","Xe524",1,"Noise",19.0426573968122
"842","Xe524",1,"Nonlinearities",28.1805448044099
"843","Xe524",1,"NoiseAndNonlinearities",25.5360739689495
"844","Xe524",2,"Noise",15.6001783977889
"845","Xe524",2,"Nonlinearities",33.9083832732405
"846","Xe524",2,"NoiseAndNonlinearities",28.4915879850442
"847","Xe524",3,"Noise",30.3688475378771
"848","Xe524",3,"Nonlinearities",37.8429896970251
"849","Xe524",3,"NoiseAndNonlinearities",15.8558926654828
"850","Xe524",4,"Noise",23.7773981989019
"851","Xe524",4,"Nonlinearities",29.5530401408416
"852","Xe524",4,"NoiseAndNonlinearities",18.9306208371698
"853","Xe524",5,"Noise",27.1860808959855
"854","Xe524",5,"Nonlinearities",30.9793977230455
"855","Xe524",5,"NoiseAndNonlinearities",17.9704085860425
"856","Xe524",6,"Noise",17.2156842113878
"857","Xe524",6,"Nonlinearities",33.5487503453134
"858","Xe524",6,"NoiseAndNonlinearities",15.9181708796602
"859","Xe524",7,"Noise",16.7590045260051
"860","Xe524",7,"Nonlinearities",30.3683170778763
"861","Xe524",7,"NoiseAndNonlinearities",17.2981862149032
"862","Xe524",8,"Noise",17.7951083110625
"863","Xe524",8,"Nonlinearities",25.1049954497217
"864","Xe524",8,"NoiseAndNonlinearities",19.9857860537767
"865","Xe524",9,"Noise",28.3519269212022
"866","Xe524",9,"Nonlinearities",32.910212341329
"867","Xe524",9,"NoiseAndNonlinearities",27.0379649283769
"868","Xe524",10,"Noise",24.2144137905567
"869","Xe524",10,"Nonlinearities",44.8159198114656
"870","Xe524",10,"NoiseAndNonlinearities",28.8509126534573
"871","Xe526",1,"Noise",35.3194269609722
"872","Xe526",1,"Nonlinearities",29.1654923182055
"873","Xe526",1,"NoiseAndNonlinearities",22.5792804627961
"874","Xe526",2,"Noise",18.6131225737507
"875","Xe526",2,"Nonlinearities",27.4451214871194
"876","Xe526",2,"NoiseAndNonlinearities",18.5472822262733
"877","Xe526",3,"Noise",23.4218233255514
"878","Xe526",3,"Nonlinearities",29.6091474370923
"879","Xe526",3,"NoiseAndNonlinearities",32.7868889271166
"880","Xe526",4,"Noise",20.7228242725328
"881","Xe526",4,"Nonlinearities",26.2994905158788
"882","Xe526",4,"NoiseAndNonlinearities",19.1935828824782
"883","Xe526",5,"Noise",33.5405268624245
"884","Xe526",5,"Nonlinearities",37.0863925237607
"885","Xe526",5,"NoiseAndNonlinearities",17.4420996160222
"886","Xe526",6,"Noise",16.0320496653134
"887","Xe526",6,"Nonlinearities",38.2664272071134
"888","Xe526",6,"NoiseAndNonlinearities",15.0196854978594
"889","Xe526",7,"Noise",25.9518336221334
"890","Xe526",7,"Nonlinearities",28.305210937887
"891","Xe526",7,"NoiseAndNonlinearities",16.8167116991931
"892","Xe526",8,"Noise",22.9844158090281
"893","Xe526",8,"Nonlinearities",26.3686873167776
"894","Xe526",8,"NoiseAndNonlinearities",16.0473417582652
"895","Xe526",9,"Noise",43.7910033319839
"896","Xe526",9,"Nonlinearities",17.7062743013656
"897","Xe526",9,"NoiseAndNonlinearities",19.006684655482
"898","Xe526",10,"Noise",16.4640320418945
"899","Xe526",10,"Nonlinearities",25.0883713843665
"900","Xe526",10,"NoiseAndNonlinearities",15.0030674832226
"901","Xe527",1,"Noise",17.6611705178869
"902","Xe527",1,"Nonlinearities",20.3972970109867
"903","Xe527",1,"NoiseAndNonlinearities",22.343596067001
"904","Xe527",2,"Noise",20.375621717924
"905","Xe527",2,"Nonlinearities",30.9560443712382
"906","Xe527",2,"NoiseAndNonlinearities",16.5481950573296
"907","Xe527",3,"Noise",17.5614201127096
"908","Xe527",3,"Nonlinearities",28.0603811345606
"909","Xe527",3,"NoiseAndNonlinearities",15.5793318644555
"910","Xe527",4,"Noise",16.6383111799995
"911","Xe527",4,"Nonlinearities",33.7901300456479
"912","Xe527",4,"NoiseAndNonlinearities",17.3887829683268
"913","Xe527",5,"Noise",47.8713602888306
"914","Xe527",5,"Nonlinearities",37.2728672912329
"915","Xe527",5,"NoiseAndNonlinearities",23.5034329481619
"916","Xe527",6,"Noise",26.0053378401482
"917","Xe527",6,"Nonlinearities",28.697000026208
"918","Xe527",6,"NoiseAndNonlinearities",20.0480879335918
"919","Xe527",7,"Noise",16.061677104508
"920","Xe527",7,"Nonlinearities",28.4839201206062
"921","Xe527",7,"NoiseAndNonlinearities",17.0602598645292
"922","Xe527",8,"Noise",22.3164088832319
"923","Xe527",8,"Nonlinearities",28.9527379538144
"924","Xe527",8,"NoiseAndNonlinearities",18.1262891676792
"925","Xe527",9,"Noise",19.5271553637893
"926","Xe527",9,"Nonlinearities",28.7088362608354
"927","Xe527",9,"NoiseAndNonlinearities",16.079868434194
"928","Xe527",10,"Noise",24.3566810535008
"929","Xe527",10,"Nonlinearities",37.6240629839484
"930","Xe527",10,"NoiseAndNonlinearities",20.2268106219068
"931","Xe544",1,"Noise",49.8740797921729
"932","Xe544",1,"Nonlinearities",33.5938987803506
"933","Xe544",1,"NoiseAndNonlinearities",18.4025438478884
"934","Xe544",2,"Noise",24.4388523686786
"935","Xe544",2,"Nonlinearities",25.9087137685107
"936","Xe544",2,"NoiseAndNonlinearities",16.9066723638598
"937","Xe544",3,"Noise",20.0209864211371
"938","Xe544",3,"Nonlinearities",28.3558931294458
"939","Xe544",3,"NoiseAndNonlinearities",19.2555153530379
"940","Xe544",4,"Noise",16.9925690911283
"941","Xe544",4,"Nonlinearities",22.9272919477301
"942","Xe544",4,"NoiseAndNonlinearities",30.1021936604864
"943","Xe544",5,"Noise",34.8896901524867
"944","Xe544",5,"Nonlinearities",36.0843115090162
"945","Xe544",5,"NoiseAndNonlinearities",16.904350374279
"946","Xe544",6,"Noise",16.8114087050133
"947","Xe544",6,"Nonlinearities",30.5514418136925
"948","Xe544",6,"NoiseAndNonlinearities",24.640866436739
"949","Xe544",7,"Noise",25.2772708019868
"950","Xe544",7,"Nonlinearities",29.5164193759377
"951","Xe544",7,"NoiseAndNonlinearities",17.0862446896012
"952","Xe544",8,"Noise",34.1888250159406
"953","Xe544",8,"Nonlinearities",27.6336194113163
"954","Xe544",8,"NoiseAndNonlinearities",17.7353776641417
"955","Xe544",9,"Noise",22.4530446703646
"956","Xe544",9,"Nonlinearities",27.3264978250618
"957","Xe544",9,"NoiseAndNonlinearities",24.675479976012
"958","Xe544",10,"Noise",36.8047148716041
"959","Xe544",10,"Nonlinearities",32.1985996451783
"960","Xe544",10,"NoiseAndNonlinearities",15.8413031828826
"961","Xe545",1,"Noise",16.6512579774476
"962","Xe545",1,"Nonlinearities",36.0992741435064
"963","Xe545",1,"NoiseAndNonlinearities",30.238755030915
"964","Xe545",2,"Noise",16.0632790331107
"965","Xe545",2,"Nonlinearities",19.4145295975235
"966","Xe545",2,"NoiseAndNonlinearities",15.0048855311323
"967","Xe545",3,"Noise",23.6285203012841
"968","Xe545",3,"Nonlinearities",30.3447459996213
"969","Xe545",3,"NoiseAndNonlinearities",16.4448194320282
"970","Xe545",4,"Noise",17.2831891315188
"971","Xe545",4,"Nonlinearities",34.1129214552802
"972","Xe545",4,"NoiseAndNonlinearities",15.1452344595992
"973","Xe545",5,"Noise",17.6132382888799
"974","Xe545",5,"Nonlinearities",34.4530576128103
"975","Xe545",5,"NoiseAndNonlinearities",25.1183921809398
"976","Xe545",6,"Noise",16.9018137194181
"977","Xe545",6,"Nonlinearities",36.4176233829162
"978","Xe545",6,"NoiseAndNonlinearities",19.94611012104
"979","Xe545",7,"Noise",21.6247378284139
"980","Xe545",7,"Nonlinearities",37.4832319577937
"981","Xe545",7,"NoiseAndNonlinearities",16.3588417079609
"982","Xe545",8,"Noise",23.2936971582656
"983","Xe545",8,"Nonlinearities",44.2586180266273
"984","Xe545",8,"NoiseAndNonlinearities",15.9649439892729
"985","Xe545",9,"Noise",14.881658476889
"986","Xe545",9,"Nonlinearities",19.8064664614704
"987","Xe545",9,"NoiseAndNonlinearities",25.5688421245244
"988","Xe545",10,"Noise",16.539555556746
"989","Xe545",10,"Nonlinearities",33.2163818929159
"990","Xe545",10,"NoiseAndNonlinearities",21.1185087600363
"991","Xe547",1,"Noise",19.6831405702766
"992","Xe547",1,"Nonlinearities",24.7905261916831
"993","Xe547",1,"NoiseAndNonlinearities",17.5774665507368
"994","Xe547",2,"Noise",18.7274874246646
"995","Xe547",2,"Nonlinearities",27.0112924993203
"996","Xe547",2,"NoiseAndNonlinearities",26.3355046016667
"997","Xe547",3,"Noise",21.0948242592345
"998","Xe547",3,"Nonlinearities",24.3619775738004
"999","Xe547",3,"NoiseAndNonlinearities",18.8881120719459
"1000","Xe547",4,"Noise",40.3418250054701
"1001","Xe547",4,"Nonlinearities",29.9299743913166
"1002","Xe547",4,"NoiseAndNonlinearities",23.1294818289328
"1003","Xe547",5,"Noise",17.2082224008602
"1004","Xe547",5,"Nonlinearities",24.7703441120754
"1005","Xe547",5,"NoiseAndNonlinearities",17.0269454526641
"1006","Xe547",6,"Noise",25.3768872403419
"1007","Xe547",6,"Nonlinearities",30.9627361113624
"1008","Xe547",6,"NoiseAndNonlinearities",21.5229896483862
"1009","Xe547",7,"Noise",28.9487520287802
"1010","Xe547",7,"Nonlinearities",29.7332910477811
"1011","Xe547",7,"NoiseAndNonlinearities",22.1195460702111
"1012","Xe547",8,"Noise",19.8086492303853
"1013","Xe547",8,"Nonlinearities",28.950090031748
"1014","Xe547",8,"NoiseAndNonlinearities",13.3981354770192
"1015","Xe547",9,"Noise",29.1669583210239
"1016","Xe547",9,"Nonlinearities",30.8296875335918
"1017","Xe547",9,"NoiseAndNonlinearities",15.7768818576839
"1018","Xe547",10,"Noise",20.4759450946301
"1019","Xe547",10,"Nonlinearities",24.2210123404203
"1020","Xe547",10,"NoiseAndNonlinearities",21.2238605035603
"1021","Xe423",1,"Noise",31.3466657060801
"1022","Xe423",1,"Nonlinearities",31.5406732329066
"1023","Xe423",1,"NoiseAndNonlinearities",25.8301981465463
"1024","Xe423",2,"Noise",19.4674413767794
"1025","Xe423",2,"Nonlinearities",34.8603504297731
"1026","Xe423",2,"NoiseAndNonlinearities",20.0068995324772
"1027","Xe423",3,"Noise",17.1975323707067
"1028","Xe423",3,"Nonlinearities",25.5153972810858
"1029","Xe423",3,"NoiseAndNonlinearities",17.6700908877597
"1030","Xe423",4,"Noise",31.8579981572816
"1031","Xe423",4,"Nonlinearities",28.0694270299629
"1032","Xe423",4,"NoiseAndNonlinearities",16.5032410788635
"1033","Xe423",5,"Noise",21.9408010883971
"1034","Xe423",5,"Nonlinearities",26.4261412338071
"1035","Xe423",5,"NoiseAndNonlinearities",17.7913850025725
"1036","Xe423",6,"Noise",50.946538810196
"1037","Xe423",6,"Nonlinearities",34.1100103709004
"1038","Xe423",6,"NoiseAndNonlinearities",19.9302054021626
"1039","Xe423",7,"Noise",17.9972267888562
"1040","Xe423",7,"Nonlinearities",27.112592045058
"1041","Xe423",7,"NoiseAndNonlinearities",22.6867331093255
"1042","Xe423",8,"Noise",27.2916820066671
"1043","Xe423",8,"Nonlinearities",33.6980373561576
"1044","Xe423",8,"NoiseAndNonlinearities",17.4559958773187
"1045","Xe423",9,"Noise",15.9309040405795
"1046","Xe423",9,"Nonlinearities",24.9589256868818
"1047","Xe423",9,"NoiseAndNonlinearities",23.8389629681962
"1048","Xe423",10,"Noise",27.6864525185113
"1049","Xe423",10,"Nonlinearities",31.7551117268389
"1050","Xe423",10,"NoiseAndNonlinearities",28.4856701988796
"1051","Xe492",1,"Noise",18.7438536078646
"1052","Xe492",1,"Nonlinearities",33.0571320258946
"1053","Xe492",1,"NoiseAndNonlinearities",25.6725208773697
"1054","Xe492",2,"Noise",19.5469475692172
"1055","Xe492",2,"Nonlinearities",25.5616714733933
"1056","Xe492",2,"NoiseAndNonlinearities",24.7096273540084
"1057","Xe492",3,"Noise",15.9839862872435
"1058","Xe492",3,"Nonlinearities",29.4478093051258
"1059","Xe492",3,"NoiseAndNonlinearities",22.2682936197766
"1060","Xe492",4,"Noise",19.0037322470633
"1061","Xe492",4,"Nonlinearities",22.41122196221
"1062","Xe492",4,"NoiseAndNonlinearities",18.2513681126448
"1063","Xe492",5,"Noise",20.3656105160284
"1064","Xe492",5,"Nonlinearities",25.2496532168884
"1065","Xe492",5,"NoiseAndNonlinearities",24.0084730095234
"1066","Xe492",6,"Noise",28.5861477077831
"1067","Xe492",6,"Nonlinearities",29.5247509411848
"1068","Xe492",6,"NoiseAndNonlinearities",29.1388358322286
"1069","Xe492",7,"Noise",40.5745156644547
"1070","Xe492",7,"Nonlinearities",38.2081488515007
"1071","Xe492",7,"NoiseAndNonlinearities",18.1720060325744
"1072","Xe492",8,"Noise",15.5172151580218
"1073","Xe492",8,"Nonlinearities",25.6791622170415
"1074","Xe492",8,"NoiseAndNonlinearities",16.1833104738151
"1075","Xe492",9,"Noise",15.8540484476869
"1076","Xe492",9,"Nonlinearities",29.6482351009751
"1077","Xe492",9,"NoiseAndNonlinearities",21.0667878004258
"1078","Xe492",10,"Noise",20.4243922229052
"1079","Xe492",10,"Nonlinearities",27.1180232169184
"1080","Xe492",10,"NoiseAndNonlinearities",16.508817246528
"1081","Xe516",1,"Noise",23.131253497254
"1082","Xe516",1,"Nonlinearities",35.3334143740422
"1083","Xe516",1,"NoiseAndNonlinearities",27.8199254370751
"1084","Xe516",2,"Noise",26.1170037730872
"1085","Xe516",2,"Nonlinearities",34.4229824746212
"1086","Xe516",2,"NoiseAndNonlinearities",25.4696264397623
"1087","Xe516",3,"Noise",15.2177755940826
"1088","Xe516",3,"Nonlinearities",32.1919249975545
"1089","Xe516",3,"NoiseAndNonlinearities",20.5415060669069
"1090","Xe516",4,"Noise",17.7246181239757
"1091","Xe516",4,"Nonlinearities",25.9682965731408
"1092","Xe516",4,"NoiseAndNonlinearities",19.1150127115802
"1093","Xe516",5,"Noise",24.6412583020341
"1094","Xe516",5,"Nonlinearities",29.8733235570701
"1095","Xe516",5,"NoiseAndNonlinearities",15.8915271409326
"1096","Xe516",6,"Noise",23.5803261144149
"1097","Xe516",6,"Nonlinearities",31.0581556782154
"1098","Xe516",6,"NoiseAndNonlinearities",25.0024458186642
"1099","Xe516",7,"Noise",14.2741067160363
"1100","Xe516",7,"Nonlinearities",26.6344131008817
"1101","Xe516",7,"NoiseAndNonlinearities",16.668644467901
"1102","Xe516",8,"Noise",17.8324293942377
"1103","Xe516",8,"Nonlinearities",27.3726684662199
"1104","Xe516",8,"NoiseAndNonlinearities",16.7166290064512
"1105","Xe516",9,"Noise",25.4391811021567
"1106","Xe516",9,"Nonlinearities",24.6422237765911
"1107","Xe516",9,"NoiseAndNonlinearities",18.6606335808071
"1108","Xe516",10,"Noise",33.4698684981797
"1109","Xe516",10,"Nonlinearities",32.0883773596768
"1110","Xe516",10,"NoiseAndNonlinearities",16.0421869681261
"1111","Xe520",1,"Noise",17.2057975120128
"1112","Xe520",1,"Nonlinearities",28.2997245831745
"1113","Xe520",1,"NoiseAndNonlinearities",39.4596824563503
"1114","Xe520",2,"Noise",23.1962687927865
"1115","Xe520",2,"Nonlinearities",27.7255914161761
"1116","Xe520",2,"NoiseAndNonlinearities",23.6922257890414
"1117","Xe520",3,"Noise",17.5123963113821
"1118","Xe520",3,"Nonlinearities",23.1756498641948
"1119","Xe520",3,"NoiseAndNonlinearities",17.5986001714464
"1120","Xe520",4,"Noise",24.3446593764417
"1121","Xe520",4,"Nonlinearities",30.6477782372739
"1122","Xe520",4,"NoiseAndNonlinearities",29.7329138670969
"1123","Xe520",5,"Noise",40.8903896575539
"1124","Xe520",5,"Nonlinearities",25.5099065191136
"1125","Xe520",5,"NoiseAndNonlinearities",22.5837169485269
"1126","Xe520",6,"Noise",19.4019165846172
"1127","Xe520",6,"Nonlinearities",27.4883096095964
"1128","Xe520",6,"NoiseAndNonlinearities",16.8594877008897
"1129","Xe520",7,"Noise",15.1762400504274
"1130","Xe520",7,"Nonlinearities",30.4535869955748
"1131","Xe520",7,"NoiseAndNonlinearities",16.608424307966
"1132","Xe520",8,"Noise",18.4325943294549
"1133","Xe520",8,"Nonlinearities",35.9408663184246
"1134","Xe520",8,"NoiseAndNonlinearities",30.5086856277803
"1135","Xe520",9,"Noise",57.2384245604327
"1136","Xe520",9,"Nonlinearities",30.5447658248409
"1137","Xe520",9,"NoiseAndNonlinearities",19.6853551267567
"1138","Xe520",10,"Noise",19.9763339297245
"1139","Xe520",10,"Nonlinearities",30.8880852340829
"1140","Xe520",10,"NoiseAndNonlinearities",23.6433297783979
"1141","Xe522",1,"Noise",20.9179469414024
"1142","Xe522",1,"Nonlinearities",26.3701278824608
"1143","Xe522",1,"NoiseAndNonlinearities",20.3068746375725
"1144","Xe522",2,"Noise",26.8512558066769
"1145","Xe522",2,"Nonlinearities",22.9490253229452
"1146","Xe522",2,"NoiseAndNonlinearities",20.2946601861928
"1147","Xe522",3,"Noise",29.3087447030709
"1148","Xe522",3,"Nonlinearities",31.407323594632
"1149","Xe522",3,"NoiseAndNonlinearities",17.1772162644176
"1150","Xe522",4,"Noise",15.7775770122915
"1151","Xe522",4,"Nonlinearities",25.1959323573638
"1152","Xe522",4,"NoiseAndNonlinearities",16.1522656217235
"1153","Xe522",5,"Noise",15.0932446869182
"1154","Xe522",5,"Nonlinearities",23.9692773674785
"1155","Xe522",5,"NoiseAndNonlinearities",25.9691767345925
"1156","Xe522",6,"Noise",16.7306802056896
"1157","Xe522",6,"Nonlinearities",35.4492618625534
"1158","Xe522",6,"NoiseAndNonlinearities",19.4820083824378
"1159","Xe522",7,"Noise",20.6082924951648
"1160","Xe522",7,"Nonlinearities",30.7110232739922
"1161","Xe522",7,"NoiseAndNonlinearities",29.9100299014006
"1162","Xe522",8,"Noise",16.8575030279017
"1163","Xe522",8,"Nonlinearities",30.6298562363366
"1164","Xe522",8,"NoiseAndNonlinearities",23.0822068436298
"1165","Xe522",9,"Noise",24.2185882095575
"1166","Xe522",9,"Nonlinearities",28.7156170150859
"1167","Xe522",9,"NoiseAndNonlinearities",22.034858623258
"1168","Xe522",10,"Noise",28.1568933553151
"1169","Xe522",10,"Nonlinearities",22.6688299098569
"1170","Xe522",10,"NoiseAndNonlinearities",21.8534650959567
"1171","Xe528",1,"Noise",22.1634602948414
"1172","Xe528",1,"Nonlinearities",34.2456672516005
"1173","Xe528",1,"NoiseAndNonlinearities",18.447835000806
"1174","Xe528",2,"Noise",20.1559185079031
"1175","Xe528",2,"Nonlinearities",31.9606010420843
"1176","Xe528",2,"NoiseAndNonlinearities",27.6958906028279
"1177","Xe528",3,"Noise",25.7519853811352
"1178","Xe528",3,"Nonlinearities",24.2659844959584
"1179","Xe528",3,"NoiseAndNonlinearities",15.7353869315108
"1180","Xe528",4,"Noise",29.6508305142157
"1181","Xe528",4,"Nonlinearities",34.0427589045937
"1182","Xe528",4,"NoiseAndNonlinearities",20.2101777086704
"1183","Xe528",5,"Noise",16.9501524435084
"1184","Xe528",5,"Nonlinearities",28.6092813087057
"1185","Xe528",5,"NoiseAndNonlinearities",19.1133179231612
"1186","Xe528",6,"Noise",22.6304326004291
"1187","Xe528",6,"Nonlinearities",27.8804862629078
"1188","Xe528",6,"NoiseAndNonlinearities",26.1924577254203
"1189","Xe528",7,"Noise",28.9523013416794
"1190","Xe528",7,"Nonlinearities",24.8590636210877
"1191","Xe528",7,"NoiseAndNonlinearities",15.5003821870867
"1192","Xe528",8,"Noise",23.6624799361567
"1193","Xe528",8,"Nonlinearities",28.4046620396669
"1194","Xe528",8,"NoiseAndNonlinearities",16.1019229207667
"1195","Xe528",9,"Noise",28.3000255248585
"1196","Xe528",9,"Nonlinearities",32.1475415739022
"1197","Xe528",9,"NoiseAndNonlinearities",20.7988181665648
"1198","Xe528",10,"Noise",23.8541814688661
"1199","Xe528",10,"Nonlinearities",31.0644969559466
"1200","Xe528",10,"NoiseAndNonlinearities",15.8711304252682
"1201","Xe553",1,"Noise",24.5949805133259
"1202","Xe553",1,"Nonlinearities",25.8579738373976
"1203","Xe553",1,"NoiseAndNonlinearities",23.1188375509688
"1204","Xe553",2,"Noise",17.9967887156155
"1205","Xe553",2,"Nonlinearities",30.864125789756
"1206","Xe553",2,"NoiseAndNonlinearities",16.1581491969236
"1207","Xe553",3,"Noise",18.8867392370261
"1208","Xe553",3,"Nonlinearities",30.1402130325214
"1209","Xe553",3,"NoiseAndNonlinearities",22.8123584132262
"1210","Xe553",4,"Noise",25.5533321707205
"1211","Xe553",4,"Nonlinearities",25.1612472951344
"1212","Xe553",4,"NoiseAndNonlinearities",16.1817354449163
"1213","Xe553",5,"Noise",22.4699169981068
"1214","Xe553",5,"Nonlinearities",24.3433371309677
"1215","Xe553",5,"NoiseAndNonlinearities",24.1317936501071
"1216","Xe553",6,"Noise",17.1121221956574
"1217","Xe553",6,"Nonlinearities",31.1213469102567
"1218","Xe553",6,"NoiseAndNonlinearities",20.9080219333439
"1219","Xe553",7,"Noise",27.1833840638788
"1220","Xe553",7,"Nonlinearities",32.7597647161983
"1221","Xe553",7,"NoiseAndNonlinearities",17.4732264663973
"1222","Xe553",8,"Noise",23.4743592449239
"1223","Xe553",8,"Nonlinearities",32.1362483310055
"1224","Xe553",8,"NoiseAndNonlinearities",19.5882361047292
"1225","Xe553",9,"Noise",24.1290508838507
"1226","Xe553",9,"Nonlinearities",30.0171016186479
"1227","Xe553",9,"NoiseAndNonlinearities",24.5617246693501
"1228","Xe553",10,"Noise",32.6555223200446
"1229","Xe553",10,"Nonlinearities",26.2175648414393
"1230","Xe553",10,"NoiseAndNonlinearities",26.3161751601051
"1231","Xe358",1,"Noise",18.631847589073
"1232","Xe358",1,"Nonlinearities",27.4577802828626
"1233","Xe358",1,"NoiseAndNonlinearities",26.6504806659675
"1234","Xe358",2,"Noise",19.7542792014169
"1235","Xe358",2,"Nonlinearities",34.0987309714556
"1236","Xe358",2,"NoiseAndNonlinearities",16.4381162517053
"1237","Xe358",3,"Noise",25.0437597859966
"1238","Xe358",3,"Nonlinearities",22.7302818447975
"1239","Xe358",3,"NoiseAndNonlinearities",19.2755954629025
"1240","Xe358",4,"Noise",33.8016611397997
"1241","Xe358",4,"Nonlinearities",25.5547360906374
"1242","Xe358",4,"NoiseAndNonlinearities",16.6469923124029
"1243","Xe358",5,"Noise",16.201552346119
"1244","Xe358",5,"Nonlinearities",25.7948947394434
"1245","Xe358",5,"NoiseAndNonlinearities",17.2492974527132
"1246","Xe358",6,"Noise",20.7727502108253
"1247","Xe358",6,"Nonlinearities",27.1046490702787
"1248","Xe358",6,"NoiseAndNonlinearities",21.1892628521706
"1249","Xe358",7,"Noise",18.8178492084043
"1250","Xe358",7,"Nonlinearities",28.2361435196556
"1251","Xe358",7,"NoiseAndNonlinearities",18.72655643956
"1252","Xe358",8,"Noise",19.6794884271203
"1253","Xe358",8,"Nonlinearities",26.0710951259799
"1254","Xe358",8,"NoiseAndNonlinearities",23.7609831854699
"1255","Xe358",9,"Noise",25.6688861757133
"1256","Xe358",9,"Nonlinearities",25.3964467734922
"1257","Xe358",9,"NoiseAndNonlinearities",21.9944578470374
"1258","Xe358",10,"Noise",15.2692215505482
"1259","Xe358",10,"Nonlinearities",20.3117563051196
"1260","Xe358",10,"NoiseAndNonlinearities",26.2800902177531
"1261","Xe400",1,"Noise",24.230074322335
"1262","Xe400",1,"Nonlinearities",24.2389548000736
"1263","Xe400",1,"NoiseAndNonlinearities",16.4752069475504
"1264","Xe400",2,"Noise",17.3705826578898
"1265","Xe400",2,"Nonlinearities",19.1519754586097
"1266","Xe400",2,"NoiseAndNonlinearities",22.6768649280766
"1267","Xe400",3,"Noise",16.4239724537834
"1268","Xe400",3,"Nonlinearities",26.1125592512042
"1269","Xe400",3,"NoiseAndNonlinearities",13.0719606932952
"1270","Xe400",4,"Noise",29.8276839140575
"1271","Xe400",4,"Nonlinearities",26.243422756373
"1272","Xe400",4,"NoiseAndNonlinearities",20.2079484332382
"1273","Xe400",5,"Noise",22.014488031697
"1274","Xe400",5,"Nonlinearities",33.7292772869087
"1275","Xe400",5,"NoiseAndNonlinearities",24.4890283426691
"1276","Xe400",6,"Noise",25.2640069611301
"1277","Xe400",6,"Nonlinearities",27.6310108451759
"1278","Xe400",6,"NoiseAndNonlinearities",15.9926513668019
"1279","Xe400",7,"Noise",15.9194136424965
"1280","Xe400",7,"Nonlinearities",27.9516704560339
"1281","Xe400",7,"NoiseAndNonlinearities",27.163914776228
"1282","Xe400",8,"Noise",17.9809457414908
"1283","Xe400",8,"Nonlinearities",26.7319435076692
"1284","Xe400",8,"NoiseAndNonlinearities",17.1817943979603
"1285","Xe400",9,"Noise",19.8960119083815
"1286","Xe400",9,"Nonlinearities",26.4402266047457
"1287","Xe400",9,"NoiseAndNonlinearities",18.43228579193
"1288","Xe400",10,"Noise",18.5805726942221
"1289","Xe400",10,"Nonlinearities",33.980805105618
"1290","Xe400",10,"NoiseAndNonlinearities",21.0612876531187
"1291","Xe557",1,"Noise",29.4897727205732
"1292","Xe557",1,"Nonlinearities",26.3504119694668
"1293","Xe557",1,"NoiseAndNonlinearities",22.0039178770758
"1294","Xe557",2,"Noise",18.6183935445299
"1295","Xe557",2,"Nonlinearities",22.8927564017226
"1296","Xe557",2,"NoiseAndNonlinearities",16.0089761562577
"1297","Xe557",3,"Noise",25.7334944270213
"1298","Xe557",3,"Nonlinearities",29.0303216116918
"1299","Xe557",3,"NoiseAndNonlinearities",25.6416061568741
"1300","Xe557",4,"Noise",27.0320787686546
"1301","Xe557",4,"Nonlinearities",39.3405640647382
"1302","Xe557",4,"NoiseAndNonlinearities",14.4308560820783
"1303","Xe557",5,"Noise",21.7149268020869
"1304","Xe557",5,"Nonlinearities",34.8276445628566
"1305","Xe557",5,"NoiseAndNonlinearities",15.8365613073713
"1306","Xe557",6,"Noise",16.8601631562275
"1307","Xe557",6,"Nonlinearities",27.3595147120719
"1308","Xe557",6,"NoiseAndNonlinearities",22.9919056121939
"1309","Xe557",7,"Noise",15.701465627545
"1310","Xe557",7,"Nonlinearities",31.803448041029
"1311","Xe557",7,"NoiseAndNonlinearities",25.7450410906722
"1312","Xe557",8,"Noise",30.1336689824783
"1313","Xe557",8,"Nonlinearities",32.7804506671948
"1314","Xe557",8,"NoiseAndNonlinearities",26.8955331063058
"1315","Xe557",9,"Noise",22.775935810856
"1316","Xe557",9,"Nonlinearities",24.1501080449812
"1317","Xe557",9,"NoiseAndNonlinearities",20.3864495489536
"1318","Xe557",10,"Noise",17.7596613322674
"1319","Xe557",10,"Nonlinearities",27.9321465067409
"1320","Xe557",10,"NoiseAndNonlinearities",22.9896790926667
"1321","Xe560",1,"Noise",22.4604022622868
"1322","Xe560",1,"Nonlinearities",28.2382243449661
"1323","Xe560",1,"NoiseAndNonlinearities",15.9800755380085
"1324","Xe560",2,"Noise",16.9374816394951
"1325","Xe560",2,"Nonlinearities",27.020714467169
"1326","Xe560",2,"NoiseAndNonlinearities",26.0847966066774
"1327","Xe560",3,"Noise",16.1198180399127
"1328","Xe560",3,"Nonlinearities",18.1491406810508
"1329","Xe560",3,"NoiseAndNonlinearities",21.7296763184521
"1330","Xe560",4,"Noise",24.3767961067152
"1331","Xe560",4,"Nonlinearities",31.6840173124883
"1332","Xe560",4,"NoiseAndNonlinearities",25.7167108549502
"1333","Xe560",5,"Noise",29.5725803213712
"1334","Xe560",5,"Nonlinearities",32.7308906445622
"1335","Xe560",5,"NoiseAndNonlinearities",25.8305166909325
"1336","Xe560",6,"Noise",17.3707439227902
"1337","Xe560",6,"Nonlinearities",26.4247795340254
"1338","Xe560",6,"NoiseAndNonlinearities",16.603175376066
"1339","Xe560",7,"Noise",21.3973630202182
"1340","Xe560",7,"Nonlinearities",32.7268390800682
"1341","Xe560",7,"NoiseAndNonlinearities",25.5207380313928
"1342","Xe560",8,"Noise",16.8462598804213
"1343","Xe560",8,"Nonlinearities",24.6968313194801
"1344","Xe560",8,"NoiseAndNonlinearities",15.7834573784319
"1345","Xe560",9,"Noise",15.1572093023219
"1346","Xe560",9,"Nonlinearities",28.3783747076439
"1347","Xe560",9,"NoiseAndNonlinearities",21.6009579193804
"1348","Xe560",10,"Noise",21.7723789003463
"1349","Xe560",10,"Nonlinearities",31.7049407572571
"1350","Xe560",10,"NoiseAndNonlinearities",16.4702521600709
"1351","Xe587",1,"Noise",18.0517705028551
"1352","Xe587",1,"Nonlinearities",31.1025420001472
"1353","Xe587",1,"NoiseAndNonlinearities",17.7225543241555
"1354","Xe587",2,"Noise",32.2623095347043
"1355","Xe587",2,"Nonlinearities",30.6179010407534
"1356","Xe587",2,"NoiseAndNonlinearities",27.959640005956
"1357","Xe587",3,"Noise",19.4610596986953
"1358","Xe587",3,"Nonlinearities",31.6145118571838
"1359","Xe587",3,"NoiseAndNonlinearities",25.3475348344761
"1360","Xe587",4,"Noise",20.2273948064408
"1361","Xe587",4,"Nonlinearities",23.8727540666771
"1362","Xe587",4,"NoiseAndNonlinearities",22.438243124815
"1363","Xe587",5,"Noise",39.2276261852415
"1364","Xe587",5,"Nonlinearities",33.5018380066903
"1365","Xe587",5,"NoiseAndNonlinearities",24.9004549837533
"1366","Xe587",6,"Noise",31.6696049532386
"1367","Xe587",6,"Nonlinearities",29.011539834764
"1368","Xe587",6,"NoiseAndNonlinearities",16.2457661195606
"1369","Xe587",7,"Noise",24.1687264121807
"1370","Xe587",7,"Nonlinearities",23.2495085579483
"1371","Xe587",7,"NoiseAndNonlinearities",17.0719150635034
"1372","Xe587",8,"Noise",25.496937604723
"1373","Xe587",8,"Nonlinearities",28.0895030575762
"1374","Xe587",8,"NoiseAndNonlinearities",17.0148181863401
"1375","Xe587",9,"Noise",21.9261466708683
"1376","Xe587",9,"Nonlinearities",27.630713910781
"1377","Xe587",9,"NoiseAndNonlinearities",20.5381244155347
"1378","Xe587",10,"Noise",34.2874535643098
"1379","Xe587",10,"Nonlinearities",20.5363872625913
"1380","Xe587",10,"NoiseAndNonlinearities",19.420323070421
"1381","Xe593",1,"Noise",18.6112074981729
"1382","Xe593",1,"Nonlinearities",31.5999588351232
"1383","Xe593",1,"NoiseAndNonlinearities",28.1153257313726
"1384","Xe593",2,"Noise",21.38247608969
"1385","Xe593",2,"Nonlinearities",29.2014663851571
"1386","Xe593",2,"NoiseAndNonlinearities",17.2083084310986
"1387","Xe593",3,"Noise",24.9527607660384
"1388","Xe593",3,"Nonlinearities",25.8209251028236
"1389","Xe593",3,"NoiseAndNonlinearities",29.2986364626069
"1390","Xe593",4,"Noise",21.0613164967379
"1391","Xe593",4,"Nonlinearities",30.1443706384012
"1392","Xe593",4,"NoiseAndNonlinearities",17.1637704731778
"1393","Xe593",5,"Noise",42.6287755546
"1394","Xe593",5,"Nonlinearities",26.6444919232695
"1395","Xe593",5,"NoiseAndNonlinearities",18.4797693038679
"1396","Xe593",6,"Noise",23.4530638472538
"1397","Xe593",6,"Nonlinearities",24.5489592065576
"1398","Xe593",6,"NoiseAndNonlinearities",19.819877618659
"1399","Xe593",7,"Noise",18.7094023408961
"1400","Xe593",7,"Nonlinearities",21.5942016518209
"1401","Xe593",7,"NoiseAndNonlinearities",16.9447382412745
"1402","Xe593",8,"Noise",15.9924732993028
"1403","Xe593",8,"Nonlinearities",23.057033005261
"1404","Xe593",8,"NoiseAndNonlinearities",17.7409853425408
"1405","Xe593",9,"Noise",20.2955034303043
"1406","Xe593",9,"Nonlinearities",30.1368005685032
"1407","Xe593",9,"NoiseAndNonlinearities",17.8767786795453
"1408","Xe593",10,"Noise",24.8415202014595
"1409","Xe593",10,"Nonlinearities",30.4602727196057
"1410","Xe593",10,"NoiseAndNonlinearities",18.4618532081721
"1411","Xe597",1,"Noise",19.6658640881751
"1412","Xe597",1,"Nonlinearities",27.8149956233445
"1413","Xe597",1,"NoiseAndNonlinearities",33.5486884574069
"1414","Xe597",2,"Noise",17.9146496506115
"1415","Xe597",2,"Nonlinearities",31.1719769839978
"1416","Xe597",2,"NoiseAndNonlinearities",14.3106308872893
"1417","Xe597",3,"Noise",15.0040484434692
"1418","Xe597",3,"Nonlinearities",33.1234057012857
"1419","Xe597",3,"NoiseAndNonlinearities",16.5017866231179
"1420","Xe597",4,"Noise",16.0230759729815
"1421","Xe597",4,"Nonlinearities",29.8353399564876
"1422","Xe597",4,"NoiseAndNonlinearities",27.0351120474779
"1423","Xe597",5,"Noise",16.4837196215378
"1424","Xe597",5,"Nonlinearities",34.6505409703171
"1425","Xe597",5,"NoiseAndNonlinearities",18.2493155415724
"1426","Xe597",6,"Noise",26.1350961958267
"1427","Xe597",6,"Nonlinearities",32.1003018434421
"1428","Xe597",6,"NoiseAndNonlinearities",18.9618047064949
"1429","Xe597",7,"Noise",27.3454393665789
"1430","Xe597",7,"Nonlinearities",27.9082013493611
"1431","Xe597",7,"NoiseAndNonlinearities",14.850420711535
"1432","Xe597",8,"Noise",24.6909152023974
"1433","Xe597",8,"Nonlinearities",33.9192343066811
"1434","Xe597",8,"NoiseAndNonlinearities",20.8960457157469
"1435","Xe597",9,"Noise",33.1956930004703
"1436","Xe597",9,"Nonlinearities",27.454062606132
"1437","Xe597",9,"NoiseAndNonlinearities",25.0990560019298
"1438","Xe597",10,"Noise",18.9014769224348
"1439","Xe597",10,"Nonlinearities",28.2595195033547
"1440","Xe597",10,"NoiseAndNonlinearities",23.3663149356046
"1441","Xe599",1,"Noise",25.6309232431816
"1442","Xe599",1,"Nonlinearities",28.1773289715142
"1443","Xe599",1,"NoiseAndNonlinearities",17.6788294825089
"1444","Xe599",2,"Noise",32.2308548678255
"1445","Xe599",2,"Nonlinearities",24.9893970819824
"1446","Xe599",2,"NoiseAndNonlinearities",16.3079604415123
"1447","Xe599",3,"Noise",17.9334299883752
"1448","Xe599",3,"Nonlinearities",30.8561443478104
"1449","Xe599",3,"NoiseAndNonlinearities",19.3934428507318
"1450","Xe599",4,"Noise",15.8281227251681
"1451","Xe599",4,"Nonlinearities",26.5790186877927
"1452","Xe599",4,"NoiseAndNonlinearities",19.65619849097
"1453","Xe599",5,"Noise",16.9455187397992
"1454","Xe599",5,"Nonlinearities",31.1170993500475
"1455","Xe599",5,"NoiseAndNonlinearities",16.863914398163
"1456","Xe599",6,"Noise",26.1788780830546
"1457","Xe599",6,"Nonlinearities",29.8856032054405
"1458","Xe599",6,"NoiseAndNonlinearities",18.6972455796447
"1459","Xe599",7,"Noise",18.9479574545779
"1460","Xe599",7,"Nonlinearities",31.8552271666184
"1461","Xe599",7,"NoiseAndNonlinearities",24.2597678937758
"1462","Xe599",8,"Noise",19.7925896356534
"1463","Xe599",8,"Nonlinearities",28.4195565482358
"1464","Xe599",8,"NoiseAndNonlinearities",27.4861332625762
"1465","Xe599",9,"Noise",16.5748974190319
"1466","Xe599",9,"Nonlinearities",22.2732889862127
"1467","Xe599",9,"NoiseAndNonlinearities",16.214992419656
"1468","Xe599",10,"Noise",20.6416448767113
"1469","Xe599",10,"Nonlinearities",19.5643571212714
"1470","Xe599",10,"NoiseAndNonlinearities",22.020687436933
"1471","Xe634",1,"Noise",33.5934764067356
"1472","Xe634",1,"Nonlinearities",21.7673504447773
"1473","Xe634",1,"NoiseAndNonlinearities",21.9006907148146
"1474","Xe634",2,"Noise",24.2220075099752
"1475","Xe634",2,"Nonlinearities",20.9307862490496
"1476","Xe634",2,"NoiseAndNonlinearities",31.7976879732844
"1477","Xe634",3,"Noise",17.4075029050114
"1478","Xe634",3,"Nonlinearities",26.4349637191018
"1479","Xe634",3,"NoiseAndNonlinearities",15.5679348623941
"1480","Xe634",4,"Noise",51.479852506738
"1481","Xe634",4,"Nonlinearities",25.0976412424622
"1482","Xe634",4,"NoiseAndNonlinearities",25.2536037743984
"1483","Xe634",5,"Noise",18.0773784930058
"1484","Xe634",5,"Nonlinearities",27.8337321175658
"1485","Xe634",5,"NoiseAndNonlinearities",18.4827053251035
"1486","Xe634",6,"Noise",56.1294878196909
"1487","Xe634",6,"Nonlinearities",24.7338826391284
"1488","Xe634",6,"NoiseAndNonlinearities",20.006060555514
"1489","Xe634",7,"Noise",24.7648703118464
"1490","Xe634",7,"Nonlinearities",34.419101883538
"1491","Xe634",7,"NoiseAndNonlinearities",21.107442804403
"1492","Xe634",8,"Noise",56.1178879038422
"1493","Xe634",8,"Nonlinearities",29.7471557798288
"1494","Xe634",8,"NoiseAndNonlinearities",27.6696454882136
"1495","Xe634",9,"Noise",16.5449815086835
"1496","Xe634",9,"Nonlinearities",35.2738701992587
"1497","Xe634",9,"NoiseAndNonlinearities",28.3928035553905
"1498","Xe634",10,"Noise",37.4716000390525
"1499","Xe634",10,"Nonlinearities",27.455624370803
"1500","Xe634",10,"NoiseAndNonlinearities",17.0327662712726
"1501","Xe680",1,"Noise",29.8967408856018
"1502","Xe680",1,"Nonlinearities",31.5541781152475
"1503","Xe680",1,"NoiseAndNonlinearities",15.3958728521768
"1504","Xe680",2,"Noise",27.2954585601036
"1505","Xe680",2,"Nonlinearities",28.6650483745917
"1506","Xe680",2,"NoiseAndNonlinearities",20.8897445283952
"1507","Xe680",3,"Noise",18.6476479248246
"1508","Xe680",3,"Nonlinearities",28.9410212156096
"1509","Xe680",3,"NoiseAndNonlinearities",25.2864538966563
"1510","Xe680",4,"Noise",15.4256298486802
"1511","Xe680",4,"Nonlinearities",35.8520855084942
"1512","Xe680",4,"NoiseAndNonlinearities",20.6368533168056
"1513","Xe680",5,"Noise",19.1846128795772
"1514","Xe680",5,"Nonlinearities",34.2379447588463
"1515","Xe680",5,"NoiseAndNonlinearities",17.446293829733
"1516","Xe680",6,"Noise",22.1563157788828
"1517","Xe680",6,"Nonlinearities",33.8999849236871
"1518","Xe680",6,"NoiseAndNonlinearities",18.9358668136712
"1519","Xe680",7,"Noise",32.6462781796495
"1520","Xe680",7,"Nonlinearities",35.8832818109256
"1521","Xe680",7,"NoiseAndNonlinearities",20.0878410096783
"1522","Xe680",8,"Noise",18.6628469767217
"1523","Xe680",8,"Nonlinearities",31.3996725770985
"1524","Xe680",8,"NoiseAndNonlinearities",18.502631322553
"1525","Xe680",9,"Noise",18.3397857314046
"1526","Xe680",9,"Nonlinearities",30.5144887077748
"1527","Xe680",9,"NoiseAndNonlinearities",22.2425919373931
"1528","Xe680",10,"Noise",16.1122963303296
"1529","Xe680",10,"Nonlinearities",30.0362840679176
"1530","Xe680",10,"NoiseAndNonlinearities",22.2703873497765
